'gainst,11(n)
'gainst,12(1)
'gainst,2(1a)
'gainst,4(2)
'gainst,5(2a)
'gainst,6(2b)
'gainst,7(2c)
'gainst,9(3a)
'pon,19(9)
'pon,20(10)
'pon,21(11)
'pon,22(12)
a la,1(1)
about,6(n)
above,10(n)
above,6(2b)
according to,1(1)
according to,4(n)
after,10(5a)
after,2(1a)
after,7(3)
against,11(n)
against,2(1a)
against,4(2)
against,5(2a)
against,6(2b)
against,7(2c)
against,9(3a)
agin,11(n)
agin,2(1a)
agin,4(2)
agin,5(2a)
agin,6(2b)
agin,7(2c)
agin,9(3a)
all over,3(2)
around,6(n)
as far as,3(n)
at,6(3a)
atop,2(n)
barring,1(1)
behind,4(2a)
behind,5(3)
behind,6(3a)
behind,8(5)
between,2(2)
between,3(3)
between,6(4b)
between,8(5)
betwixt,2(2)
betwixt,3(3)
betwixt,6(4b)
betwixt,8(5)
beyond,8(4a)
by,12(3)
by,14(3b)
by,15(3c)
by,16(3d)
by,23(n)
care of,1(1)
cum,1(1)
dehors,1(1)
down,1(1)
down,2(1a)
down,6(n)
down,7(n)
due to,1(1)
ex,2(1a)
following,2(n)
for,11(9)
for,14(12)
for,8(7)
for,9(8)
frae,10(7)-1
frae,11(8)
frae,2(1a)
frae,3(2)
frae,6(4)
frae,7(4a)
frae,8(5)
from,10(7)-1
from,11(8)
from,2(1a)
from,3(2)
from,6(4)
from,7(4a)
from,8(5)
give or take,1(1)
in,1(1)-1
in,10(7a)
in,11(8)
in,4(3)
in,9(7)
in,9(7)-1
in advance of,2(n)
in bed with,1(1)
in bed with,2(1a)
in bed with,3(n)
in case of,1(1)
in common with,1(1)
in common with,2(n)
in consideration of,2(n)
in default of,2(n)
in favor of,1(1)
in favour of,1(1)
in line with,2(n)
in memoriam,1(1)
in need of,1(1)
in peril of,1(1)
in proportion to,3(n)
in sight of,1(1)
in sight of,2(1a)
in the face of,1(1)
in the midst of,3(n)
in the name of,1(1)
in the name of,3(1b)
in the pay of,1(1)
in the shape of,1(1)
in token of,1(1)
including,1(1)
inclusive of,1(1)
inside,4(1c)
into,1(1)-1
into,6(6)
into,7(7)
into,8(8)
into,9(9)
like,4(1c)
like,5(1d)
like,6(2)
mod,1(1)
modulo,1(1)
near to,6(n)
next to,3(3)
o',1(1)
o',10(5a)
o',11(6)
o',12(6a)
o',14(7)
o',15(7a)
o',17(8)
o',2(1a)
o',3(1b)
o',3(1b)-1
o',4(2)
o',5(2a)
o',6(3)
o',9(5)
o'er,12(4a)
o'er,6(2b)
o'er,8(2d)
of,1(1)
of,10(5a)
of,11(6)
of,12(6a)
of,14(7)
of,15(7a)
of,17(8)
of,2(1a)
of,3(1b)
of,3(1b)-1
of,4(2)
of,5(2a)
of,6(3)
of,9(5)
of the order of,1(1)
off,1(1)
off,4(3)
off,5(3a)
off,6(3b)
off,7(4)
off,8(n)
on,19(9)
on,20(10)
on,21(11)
on,22(12)
on a level with,1(1)
on the order of,3(n)
on top of,3(2)
onto,6(n)
onto,8(n)
onto,9(n)
out of,5(4)
out of,7(6)
out of,8(7)
out of,9(n)
out of keeping with,1(1)
out of line with,1(1)
outside of,3(n)
outta,5(4)
outta,7(6)
outta,8(7)
outta,9(n)
over,12(4a)
over,6(2b)
over,8(2d)
over and above,2(n)
past,2(1a)
past,4(3)
per,1(1)
per,3(3)
per,4(n)
pro,1(1)
round,9(n)
save,2(n)
short for,1(1)
short of,2(1a)
short of,4(n)
since,1(1)
this side of,2(1a)
this side of,3(2)
this side of,4(n)
thro',10(3)
thro',12(5)-1
thro',8(2a)
thro',9(2b)
through,10(3)
through,12(5)-1
through,8(2a)
through,9(2b)
thru,10(3)
thru,12(5)-1
thru,8(2a)
thru,9(2b)
to,10(4a)
to,12(4c)
to,16(8)
to,7(2b)
to,8(3)
to the accompaniment of,1(1)
to the accompaniment of,2(n)
toward,2(1a)
towards,2(1a)
under,10(4b)
under,9(4a)
under cover of,2(1a)
under cover of,3(n)
unlike,1(1)
unlike,3(1b)
unto,1(1)-1
unto,3(n)
unto,4(n)
unto,6(n)
up,1(1)
up,2(1a)
up for,2(2)
up for,4(4)
up to,5(3a)
up to,6(4)
up to,7(5)
upon,19(9)
upon,20(10)
upon,21(11)
upon,22(12)
vice,1(1)
with,3(2a)
with,4(3)-1
within,3(1b)
within,5(2)
within sight of,1(1)
within sight of,2(1a)
